prr,pwr
0.963333333333333,217
0.928333333333333,206
0.908,204
0.962666666666667,201
0.892666666666667,219
0.904333333333333,212
0.905,218
0.899333333333333,212
0.904666666666667,215
0.918,214
